voiceAccuracy,letterScore,wordScore,risk
29,3,2,High
50,3,5,Moderate
79,1,5,Moderate
100,3,4,Moderate
79,5,6,Low
66,4,7,Low
21,3,7,Moderate
82,6,2,Moderate
31,4,2,High
82,5,4,Moderate
37,4,7,Moderate
48,5,2,Moderate
73,7,4,Low
62,7,0,Moderate
59,2,5,Moderate
26,0,6,High
87,7,7,Low
52,0,2,High
62,4,7,Moderate
21,3,5,Moderate
75,0,2,High
43,3,3,Moderate
27,1,4,High
75,1,1,High
88,3,6,Moderate
74,2,0,High
34,4,1,High
47,7,4,Moderate
38,3,5,Moderate
76,2,0,High
50,0,1,High
80,0,0,High
74,3,4,Moderate
83,7,3,Low
76,4,6,Moderate
98,0,4,Moderate
54,6,6,Low
55,5,2,Moderate
49,7,1,Moderate
49,6,2,Moderate
74,4,6,Moderate
86,7,7,Low
69,6,2,Moderate
33,2,4,High
85,4,3,Moderate
83,2,1,Moderate
87,1,0,High
81,3,3,Moderate
73,6,7,Low
86,2,7,Moderate
20,1,1,High
56,7,2,Moderate
87,1,1,High
88,7,0,Moderate
65,3,1,Moderate
61,3,7,Moderate
28,3,4,Moderate
94,6,6,Low
85,1,5,Moderate
38,4,1,High
21,5,7,Moderate
98,7,4,Low
59,3,2,Moderate
31,2,5,Moderate
80,7,6,Low
94,4,7,Low
56,2,0,High
54,2,1,High
49,7,5,Moderate
83,7,4,Low
43,0,1,High
98,4,0,Moderate
91,5,0,Moderate
28,7,6,Moderate
82,7,2,Moderate
96,5,5,Low
39,0,1,High
75,3,0,High
85,6,5,Low
78,3,2,Moderate
22,1,5,High
88,2,6,Moderate
82,0,1,High
99,3,7,Low
41,7,5,Moderate
25,6,6,Moderate
63,5,1,Moderate
46,4,5,Moderate
92,2,1,Moderate
50,6,2,Moderate
74,7,4,Low
29,6,2,Moderate
86,6,0,Moderate
84,1,5,Moderate
26,1,0,High
35,7,5,Moderate
68,0,4,Moderate
83,6,2,Moderate
39,5,3,Moderate
68,7,3,Moderate
81,5,4,Moderate
84,2,2,Moderate
42,4,3,Moderate
69,3,2,Moderate
44,4,6,Moderate
71,6,4,Moderate
26,5,5,Moderate
59,2,4,Moderate
32,7,5,Moderate
43,6,7,Low
31,1,7,Moderate
71,3,2,Moderate
78,7,2,Moderate
70,7,1,Moderate
61,4,3,Moderate
25,6,1,Moderate
28,1,7,Moderate
20,2,3,High
70,7,1,Moderate
25,6,6,Moderate
36,7,6,Low
79,1,6,Moderate
92,2,5,Moderate
79,7,6,Low
36,0,5,High
42,0,0,High
38,5,4,Moderate
81,2,3,Moderate
58,0,0,High
68,2,5,Moderate
41,6,6,Moderate
85,1,6,Moderate
23,4,3,Moderate
56,6,1,Moderate
24,4,0,High
75,5,0,Moderate
77,7,0,Moderate
25,5,0,High
100,0,1,High
21,4,6,Moderate
22,7,4,Moderate
65,3,4,Moderate
44,7,5,Moderate
34,0,5,High
69,3,3,Moderate
82,3,0,Moderate
80,1,7,Moderate
30,0,3,High
23,3,7,Moderate
67,0,3,High
41,3,1,High
77,1,6,Moderate
41,1,7,Moderate
70,2,2,Moderate
94,7,1,Moderate
79,5,0,Moderate
40,3,0,High
30,6,2,Moderate
35,2,4,High
43,5,7,Moderate
24,5,7,Moderate
75,5,4,Moderate
95,5,7,Low
21,1,1,High
80,4,0,Moderate
36,2,3,High
58,7,1,Moderate
63,6,0,Moderate
33,6,5,Moderate
66,6,1,Moderate
32,4,5,Moderate
65,2,4,Moderate
37,0,2,High
62,6,5,Moderate
63,6,2,Moderate
73,1,1,High
62,5,5,Moderate
50,0,3,High
61,3,0,High
55,2,4,Moderate
72,5,6,Low
27,4,3,Moderate
52,5,1,Moderate
97,0,1,High
81,7,7,Low
76,6,0,Moderate
49,5,5,Moderate
35,6,2,Moderate
94,1,0,High
51,0,3,High
52,5,5,Moderate
67,0,6,Moderate
74,2,7,Moderate
30,5,7,Moderate
31,6,7,Moderate
49,1,4,High
64,3,5,Moderate
41,2,3,High
100,4,3,Moderate
57,6,2,Moderate
69,3,6,Moderate
53,4,0,High
97,2,7,Low
50,1,0,High
68,0,3,High
80,4,7,Low
95,7,1,Moderate
23,5,4,Moderate
78,5,0,Moderate
66,6,7,Low
59,3,3,Moderate
25,3,2,High
41,4,2,Moderate
81,2,5,Moderate
54,7,0,Moderate
31,7,7,Low
91,3,2,Moderate
83,1,6,Moderate
65,3,2,Moderate
23,0,0,High
95,0,0,High
59,0,6,Moderate
20,5,5,Moderate
83,4,6,Low
69,4,1,Moderate
95,1,3,Moderate
82,3,5,Moderate
90,0,2,High
78,1,6,Moderate
31,0,1,High
37,4,6,Moderate
30,7,6,Moderate
86,2,7,Moderate
65,7,5,Low
98,1,5,Moderate
49,2,2,High
100,1,2,Moderate
58,7,1,Moderate
31,4,3,Moderate
24,0,7,Moderate
60,7,6,Low
44,2,1,High
41,5,0,High
56,1,7,Moderate
63,1,6,Moderate
33,1,4,High
23,2,4,High
60,5,0,Moderate
23,0,0,High
61,2,2,High
86,1,2,Moderate
45,5,2,Moderate
72,1,6,Moderate
100,6,4,Low
39,1,2,High
22,3,0,High
96,7,2,Low
22,0,3,High
78,3,5,Moderate
35,5,0,High
95,2,1,Moderate
73,7,5,Low
98,3,0,Moderate
31,0,6,High
54,3,5,Moderate
91,5,3,Moderate
88,2,0,High
45,4,4,Moderate
22,5,3,Moderate
90,6,1,Moderate
99,0,4,Moderate
31,7,0,Moderate
91,1,4,Moderate
36,2,0,High
78,5,5,Moderate
83,5,0,Moderate
23,2,7,Moderate
64,5,1,Moderate
39,2,0,High
51,4,0,High
40,1,5,Moderate
99,3,7,Low
66,6,3,Moderate
85,0,5,Moderate
98,4,3,Moderate
26,5,0,High
27,4,0,High
87,6,4,Low
59,2,4,Moderate
96,2,0,Moderate
61,2,0,High
77,3,7,Moderate
70,1,4,Moderate
61,4,1,Moderate
54,4,2,Moderate
26,4,0,High
83,3,4,Moderate
59,5,1,Moderate
71,6,5,Low
52,2,6,Moderate
86,1,7,Moderate
48,3,4,Moderate
32,3,1,High
90,4,7,Low
53,3,3,Moderate
63,0,6,Moderate
28,0,2,High
88,0,0,High
34,1,3,High
41,0,0,High
33,1,2,High
49,7,5,Moderate
23,3,7,Moderate
58,5,2,Moderate
69,7,6,Low
64,2,3,Moderate
90,7,6,Low
42,0,0,High
23,2,6,Moderate
48,1,2,High
61,7,5,Low
35,1,5,High
87,2,6,Moderate
32,7,4,Moderate
33,3,7,Moderate
75,3,5,Moderate
52,3,6,Moderate
98,6,3,Low
73,5,0,Moderate
55,4,4,Moderate
53,5,7,Low
86,7,1,Moderate
77,4,4,Moderate
32,7,5,Moderate
85,1,1,High
20,4,2,High
73,4,0,Moderate
96,1,0,High
27,4,1,High
81,7,2,Moderate
91,7,3,Low
84,5,2,Moderate
31,0,6,High
65,4,1,Moderate
57,4,6,Moderate
25,1,1,High
65,4,1,Moderate
41,2,7,Moderate
92,5,1,Moderate
34,0,4,High
28,1,5,High
26,6,0,High
80,4,1,Moderate
77,3,0,High
56,7,3,Moderate
96,1,5,Moderate
40,0,5,High
78,1,2,High
31,5,0,High
85,4,2,Moderate
58,7,2,Moderate
69,3,4,Moderate
69,3,7,Moderate
94,5,0,Moderate
82,7,7,Low
65,5,3,Moderate
23,7,6,Moderate
83,1,4,Moderate
61,0,7,Moderate
37,7,7,Low
64,4,2,Moderate
46,1,5,Moderate
72,5,4,Moderate
65,0,0,High
84,6,5,Low
24,0,5,High
46,6,7,Low
57,5,2,Moderate
83,4,2,Moderate
38,3,5,Moderate
65,0,2,High
80,3,0,Moderate
52,7,1,Moderate
64,2,6,Moderate
35,7,7,Low
72,6,2,Moderate
99,2,5,Moderate
39,7,5,Moderate
43,5,0,High
94,6,1,Moderate
63,6,0,Moderate
24,6,1,Moderate
67,0,5,Moderate
77,2,7,Moderate
99,3,7,Low
63,7,5,Low
96,7,7,Low
93,0,2,Moderate
20,5,6,Moderate
90,4,0,Moderate
25,5,4,Moderate
54,6,4,Moderate
54,7,1,Moderate
52,5,1,Moderate
71,5,4,Moderate
55,2,4,Moderate
35,1,3,High
71,4,1,Moderate
48,2,2,High
61,6,6,Low
33,5,3,Moderate
76,6,6,Low
90,1,1,High
21,2,0,High
36,0,1,High
76,7,6,Low
62,3,7,Moderate
79,4,2,Moderate
76,4,5,Moderate
24,6,1,Moderate
60,2,7,Moderate
33,1,2,High
87,6,1,Moderate
56,2,2,High
48,4,0,High
77,0,3,High
44,6,7,Low
25,0,1,High
94,7,7,Low
49,4,7,Moderate
25,6,2,Moderate
86,7,5,Low
56,0,6,Moderate
53,1,5,Moderate
45,0,6,Moderate
78,7,3,Moderate
41,7,4,Moderate
100,6,0,Moderate
32,0,0,High
30,4,5,Moderate
69,3,3,Moderate
23,7,4,Moderate
27,3,4,Moderate
39,3,3,Moderate
42,3,6,Moderate
45,3,5,Moderate
55,6,5,Moderate
86,7,7,Low
86,2,4,Moderate
58,0,0,High
44,1,2,High
41,6,6,Moderate
79,7,4,Low
75,4,5,Moderate
33,5,5,Moderate
20,1,0,High
53,4,4,Moderate
90,2,7,Moderate
78,3,4,Moderate
91,7,2,Moderate
25,1,1,High
21,2,5,High
47,7,2,Moderate
93,3,1,Moderate
45,7,7,Low
56,3,1,High
45,2,5,Moderate
20,4,6,Moderate
53,3,5,Moderate
94,7,4,Low
22,5,7,Moderate
93,5,5,Low
100,2,0,Moderate
63,4,1,Moderate
90,6,4,Low
82,2,0,High
47,1,5,Moderate
55,7,0,Moderate
27,4,0,High
49,6,7,Low
75,3,3,Moderate
27,1,4,High
26,7,6,Moderate
72,4,0,Moderate
63,3,1,High
57,1,2,High
44,6,7,Low
41,6,0,Moderate
52,3,6,Moderate
61,6,4,Moderate
41,6,2,Moderate
49,5,3,Moderate
73,0,3,High
47,4,4,Moderate
35,5,5,Moderate
60,2,1,High
82,6,3,Moderate
37,6,0,Moderate
74,1,1,High
65,5,3,Moderate
53,5,5,Moderate
45,2,2,High
58,3,0,High
31,1,5,High
70,6,4,Moderate
36,3,7,Moderate
97,5,0,Moderate
50,0,5,Moderate
33,7,3,Moderate
81,6,0,Moderate
68,2,3,Moderate
37,4,0,High
52,2,2,High
84,2,3,Moderate
27,7,1,Moderate
85,3,3,Moderate
25,6,7,Moderate
57,5,2,Moderate
58,3,0,High
93,2,4,Moderate
96,0,6,Moderate
27,7,6,Moderate
54,7,7,Low
51,6,7,Low
32,7,1,Moderate
58,0,1,High
45,4,7,Moderate
24,6,2,Moderate
85,7,0,Moderate
88,2,6,Moderate
34,6,6,Moderate
43,5,2,Moderate
62,4,7,Moderate
42,0,0,High
77,2,7,Moderate
78,3,6,Moderate
27,0,6,High
90,1,6,Moderate
63,6,7,Low
81,5,4,Moderate
24,6,0,High
78,0,1,High
82,0,7,Moderate
87,6,2,Moderate
91,0,5,Moderate
67,1,0,High
70,0,3,High
23,6,4,Moderate
70,6,6,Low
53,2,2,High
52,4,0,High
64,7,7,Low
42,3,0,High
80,4,3,Moderate
37,2,4,Moderate
24,7,4,Moderate
68,5,5,Moderate
85,2,5,Moderate
78,0,4,Moderate
80,2,0,High
47,5,2,Moderate
65,6,2,Moderate
60,3,4,Moderate
100,3,0,Moderate
81,5,7,Low
38,1,0,High
70,3,1,Moderate
93,4,2,Moderate
70,2,5,Moderate
30,1,2,High
67,1,2,High
68,3,1,Moderate
42,5,4,Moderate
21,2,5,High
97,7,5,Low
53,4,4,Moderate
51,0,0,High
70,1,1,High
63,4,3,Moderate
35,4,4,Moderate
46,0,0,High
35,1,2,High
35,2,2,High
61,0,7,Moderate
82,3,1,Moderate
35,6,3,Moderate
34,6,0,High
66,6,0,Moderate
36,7,2,Moderate
45,7,0,Moderate
90,5,6,Low
56,4,5,Moderate
62,5,1,Moderate
56,4,4,Moderate
30,5,7,Moderate
28,2,0,High
33,7,2,Moderate
22,5,2,Moderate
82,3,7,Low
94,2,5,Moderate
39,4,2,Moderate
46,3,1,High
35,3,7,Moderate
27,2,7,Moderate
69,4,5,Moderate
97,4,3,Moderate
77,1,5,Moderate
33,6,0,High
75,6,7,Low
21,1,4,High
80,2,1,Moderate
47,4,4,Moderate
81,3,2,Moderate
60,2,1,High
92,7,1,Moderate
33,5,7,Moderate
44,5,0,High
42,7,3,Moderate
94,3,4,Moderate
24,7,1,Moderate
56,1,4,Moderate
22,3,2,High
28,6,3,Moderate
38,6,2,Moderate
72,4,0,Moderate
66,4,1,Moderate
45,1,0,High
79,4,5,Moderate
24,4,2,High
98,4,4,Moderate
94,4,5,Low
46,5,1,Moderate
99,3,7,Low
39,6,3,Moderate
95,4,6,Low
74,5,1,Moderate
21,7,3,Moderate
23,4,1,High
21,3,4,High
94,3,6,Low
56,3,1,High
53,7,1,Moderate
40,6,1,Moderate
29,6,2,Moderate
62,7,0,Moderate
56,5,5,Moderate
40,3,2,High
72,3,4,Moderate
62,4,4,Moderate
63,2,4,Moderate
93,3,0,Moderate
70,2,6,Moderate
99,3,0,Moderate
50,0,1,High
49,2,4,Moderate
65,2,2,Moderate
23,6,0,High
77,5,6,Low
87,0,5,Moderate
82,3,1,Moderate
79,5,3,Moderate
41,5,7,Moderate
73,4,4,Moderate
34,3,1,High
86,4,3,Moderate
54,5,6,Moderate
49,7,7,Low
83,2,5,Moderate
72,7,2,Moderate
35,2,6,Moderate
95,3,4,Moderate
51,6,0,Moderate
38,5,2,Moderate
57,4,2,Moderate
51,3,5,Moderate
48,5,5,Moderate
88,4,2,Moderate
79,0,2,High
74,6,5,Low
40,4,3,Moderate
51,3,7,Moderate
55,6,4,Moderate
35,0,0,High
61,2,3,Moderate
94,5,4,Low
90,4,0,Moderate
51,0,5,Moderate
31,2,2,High
27,5,0,High
31,2,4,High
33,5,1,High
68,1,7,Moderate
95,3,6,Low
94,2,0,Moderate
78,2,2,Moderate
61,4,2,Moderate
85,4,2,Moderate
37,6,3,Moderate
92,0,2,High
50,5,2,Moderate
30,2,4,High
93,5,7,Low
99,0,1,High
59,6,5,Moderate
75,2,4,Moderate
57,2,3,Moderate
79,1,6,Moderate
57,0,1,High
62,3,1,High
59,5,7,Low
36,6,6,Moderate
21,7,6,Moderate
78,6,1,Moderate
66,7,2,Moderate
76,5,5,Moderate
33,0,4,High
73,1,3,Moderate
32,0,7,Moderate
97,6,5,Low
39,4,6,Moderate
73,2,7,Moderate
55,0,1,High
46,2,1,High
73,2,0,High
79,1,1,High
58,2,1,High
22,4,5,Moderate
24,5,4,Moderate
43,7,6,Low
37,5,6,Moderate
92,0,5,Moderate
97,7,0,Moderate
93,0,5,Moderate
94,4,2,Moderate
97,3,5,Moderate
69,0,4,Moderate
79,2,1,Moderate
80,7,6,Low
66,7,0,Moderate
90,0,1,High
72,6,1,Moderate
59,1,4,Moderate
94,5,6,Low
82,6,1,Moderate
35,7,6,Moderate
95,2,7,Low
24,2,1,High
46,7,5,Moderate
53,1,5,Moderate
73,2,3,Moderate
94,6,2,Moderate
60,3,2,Moderate
60,5,1,Moderate
42,1,3,High
95,3,5,Moderate
41,0,2,High
55,1,1,High
74,4,3,Moderate
86,3,4,Moderate
93,6,3,Low
21,7,2,Moderate
88,7,4,Low
73,0,3,High
41,7,6,Low
26,1,6,Moderate
82,7,4,Low
78,3,1,Moderate
90,6,2,Moderate
57,6,5,Moderate
36,5,3,Moderate
55,5,0,Moderate
78,2,1,High
59,0,3,High
69,0,7,Moderate
62,4,5,Moderate
42,5,5,Moderate
50,2,2,High
84,5,4,Moderate
28,5,0,High
65,5,4,Moderate
94,3,7,Low
26,5,3,Moderate
43,3,5,Moderate
37,7,6,Low
80,4,6,Low
24,6,4,Moderate
41,6,1,Moderate
75,7,0,Moderate
40,2,3,High
46,7,1,Moderate
57,6,7,Low
69,0,5,Moderate
95,7,7,Low
45,4,4,Moderate
65,6,6,Low
63,0,3,High
86,4,3,Moderate
20,0,1,High
90,6,6,Low
80,7,1,Moderate
56,1,2,High
51,7,0,Moderate
74,0,1,High
39,0,0,High
78,2,2,Moderate
83,1,6,Moderate
74,3,6,Moderate
66,0,1,High
37,5,5,Moderate
85,1,5,Moderate
82,6,6,Low
96,4,3,Moderate
59,2,4,Moderate
95,2,0,Moderate
89,2,2,Moderate
96,1,6,Moderate
42,5,0,High
25,1,6,Moderate
24,3,2,High
99,7,7,Low
90,7,0,Moderate
34,6,6,Moderate
84,0,3,Moderate
92,3,4,Moderate
20,4,6,Moderate
75,4,2,Moderate
88,0,2,High
47,7,7,Low
45,7,2,Moderate
41,6,4,Moderate
25,6,7,Moderate
83,0,3,Moderate
85,0,2,High
83,3,3,Moderate
98,5,2,Moderate
77,1,1,High
98,5,4,Low
66,7,4,Low
40,7,3,Moderate
45,1,6,Moderate
65,4,4,Moderate
97,7,4,Low
58,6,6,Low
58,1,4,Moderate
93,4,4,Moderate
78,4,5,Moderate
77,5,6,Low
52,6,5,Moderate
97,7,1,Moderate
47,6,5,Moderate
94,3,0,Moderate
26,3,0,High
89,1,1,High
61,0,7,Moderate
97,7,5,Low
51,5,6,Moderate
28,5,0,High
78,5,4,Moderate
53,3,6,Moderate
91,1,7,Moderate
85,5,3,Moderate
93,0,3,Moderate
80,5,3,Moderate
53,0,5,Moderate
86,3,2,Moderate
88,1,6,Moderate
59,1,1,High
24,7,5,Moderate
45,1,0,High
61,1,3,High
74,2,0,High
61,3,6,Moderate
28,0,4,High
32,7,3,Moderate
93,0,2,Moderate
88,6,6,Low
62,3,3,Moderate
75,5,7,Low
27,7,0,Moderate
34,3,4,Moderate
44,2,2,High
52,0,2,High
61,0,4,High
42,7,1,Moderate
33,5,7,Moderate
51,4,2,Moderate
86,4,6,Low
78,6,1,Moderate
35,6,1,Moderate
23,6,3,Moderate
61,4,5,Moderate
95,6,4,Low
97,3,6,Low
93,6,6,Low
42,6,4,Moderate
80,4,1,Moderate
27,7,0,Moderate
83,6,5,Low
47,0,6,Moderate
22,0,1,High
93,6,0,Moderate
60,6,6,Low
86,6,1,Moderate
83,7,0,Moderate
47,2,7,Moderate
59,4,3,Moderate
29,1,5,High
57,2,0,High
47,2,1,High
71,1,6,Moderate
33,6,2,Moderate
96,2,3,Moderate
29,5,2,Moderate
38,7,7,Low
93,7,5,Low
22,6,7,Moderate
81,7,4,Low
21,1,6,High
73,0,5,Moderate
37,5,5,Moderate
20,7,1,Moderate
57,6,6,Low
50,7,6,Low
70,2,4,Moderate
86,6,2,Moderate
39,0,1,High
70,4,1,Moderate
99,4,3,Moderate
69,1,7,Moderate
68,6,2,Moderate
73,5,5,Moderate
65,7,3,Moderate
49,4,2,Moderate
25,0,6,High
46,7,4,Moderate
49,7,1,Moderate
95,2,6,Moderate
77,0,1,High
62,0,5,Moderate
24,4,7,Moderate
47,1,3,High
47,7,0,Moderate
36,3,5,Moderate
57,3,3,Moderate
99,6,6,Low
43,6,5,Moderate
52,3,6,Moderate
36,7,6,Low
31,1,2,High
23,7,2,Moderate
67,4,2,Moderate
64,3,4,Moderate
34,7,3,Moderate
24,2,2,High
96,6,5,Low
53,5,7,Low
27,2,4,High
70,5,1,Moderate
74,6,7,Low
83,4,4,Moderate
98,0,6,Moderate
97,3,2,Moderate
89,6,3,Moderate
52,7,4,Moderate
39,7,2,Moderate
50,1,4,Moderate
91,1,3,Moderate
39,2,6,Moderate
33,4,4,Moderate
78,7,6,Low
60,4,0,High
63,2,2,High
61,3,1,High
40,6,3,Moderate
80,2,4,Moderate
76,6,2,Moderate
21,7,0,High
77,5,2,Moderate
63,6,5,Moderate
69,1,7,Moderate
57,7,4,Moderate
70,4,5,Moderate
21,5,5,Moderate
75,1,7,Moderate
77,4,0,Moderate
59,6,6,Low
53,5,0,Moderate
80,2,6,Moderate
88,4,4,Moderate
35,3,7,Moderate
64,2,7,Moderate
37,0,3,High
53,5,5,Moderate
82,6,0,Moderate
35,4,1,High
22,3,6,Moderate
80,6,3,Moderate
95,4,0,Moderate
30,2,3,High
62,4,5,Moderate
